epoch,steps,cosine_pearson,cosine_spearman
1.0,2729,0.7975590443064992,0.7851851557420321
2.0,5458,0.8089709015002722,0.7912528543664763
3.0,8187,0.8117640760914329,0.7915155253025996
